name,sequence,dataset,label
>trAMP0001,GKKYRRFRWKFKGKWFWFG,train,1
>trAMP0002,GLNALKKVFQPIHEAIKLINNHVQ,train,1
>trAMP0003,KSKEKIGKEFKRIVQRIKDFLRNLVPRTES,train,1
>trAMP0004,FLSGIVGMLGKLF,train,1
>trAMP0005,FLKGIVGMLGKLW,train,1
>trAMP0006,GIGAVLKVLTTGLPALISWIKRKRQQ,train,1
>trAMP0007,GLNALKKVFQPIHKAIKKINNHVQ,train,1
>trAMP0008,DCYCRIPACIAGERRYGTCIYQGRLWAFCC,train,1
>trAMP0009,KWCFRVCYRGICYRKCR,train,1
>trAMP0010,GFLGPLLKLGLKGVAKVLPHLIPSRQQ,train,1
>trAMP0011,AKKVFKRLGIGKFLHSAKKF,train,1
>trAMP0012,LLKKLLKLLLKLLKK,train,1
>trAMP0013,VKGSWSKKFEVIA,train,1
>trAMP0014,FLKGIVGMLGKLF,train,1
>trAMP0015,FFHHIKRGIVHVGKTIHRLVTG,train,1
>trAMP0016,LKLLKKLLKKLLKLL,train,1
>trAMP0017,RWWRWWRRWWRR,train,1
>trAMP0018,FLFSLIPSAIGGLISAFK,train,1
>trAMP0019,KIKKGFKKIFKRLPPIGVGVSIPLAGKR,train,1
>trAMP0020,KLKSLLKTLSKAKKKKLKTLLKALSK,train,1
>trAMP0021,LLKLLKKLLKKLLKL,train,1
>trAMP0022,FKHHIFRGIKHVGKTIHRLVTG,train,1
>trAMP0023,ALKSLLKTLSKAAAAALKTLLKALSK,train,1
>trAMP0024,ILGKLLSTAAGLLKNL,train,1
>trAMP0025,LKLKSIVSWAKKVL,train,1
>trAMP0026,FLGGLIKIVPAMICAVTKKCHHHHHH,train,1
>trAMP0027,GLFDIWKKWRWRR,train,1
>trAMP0028,RKWWRWIKW,train,1
>trAMP0029,ILGKLLSTAAKLLSNL,train,1
>trAMP0030,FLKGIKGMLGKLF,train,1
>trAMP0031,KWLKKWLKWLKK,train,1
>trAMP0032,FFHHIKRGIKHVGKTIHRLVTG,train,1
>trAMP0033,AWRWKAFRNCWRVRSSSL,train,1
>trAMP0034,KFWKLLKKALRLWAKVL,train,1
>trAMP0035,IKSIASKVANTVQKLKRKAKNAV,train,1
>trAMP0036,QVRWWGRYWRRKWATCR,train,1
>trAMP0037,FFHHIFRPIVHVGKTIHRLVTG,train,1
>trAMP0038,FLSMIPHIVSGVAALAKHL,train,1
>trAMP0039,GCRRLCYKQRCVTYCRGPPR,train,1
>trAMP0040,WLRRIKAWLRRKRK,train,1
>trAMP0041,KKLLKLLLKLLK,train,1
>trAMP0042,IASKVANTVQKLKRKAKNAVA,train,1
>trAMP0043,GLKKIFKAGLGSLVKGIAAHVAS,train,1
>trAMP0044,KRIVQRIKDFLRNLVPRTES,train,1
>trAMP0045,RRRRRFRRVIRRIRLPKYLTINTE,train,1
>trAMP0046,GLNALKKVFQGIHKAIKKINNHVQ,train,1
>trAMP0047,GIWDTIKSMGKVFAGLILQNL,train,1
>trAMP0048,FVPWFSKFLWRIL,train,1
>trAMP0049,IKSIASKVANTVQKLKRKAKNAVA,train,1
>trAMP0050,GVIKSVLKGVAKTVALGML,train,1
>trAMP0051,GILKTIKSIASKVANTVQKLKRKAKNAV,train,1
>trAMP0052,IDWKKVDWKKVSKKTCKVMLKACKFLG,train,1
>trAMP0053,ALWMTLLKKVLKAAAKALNAVLVGANA,train,1
>trAMP0054,KWKSFLKTFSKAKKKVLKTALKAISK,train,1
>trAMP0055,GCRRLCYKQRCVTYCRGR,train,1
>trAMP0056,DDALKKLLKKLLKKL,train,1
>trAMP0057,LPRRNRWSKIWKKVVTVFS,train,1
>trAMP0058,FLKGIVGMLGKLL,train,1
>trAMP0059,IKLSKETKKNLKKVLKGAIKGAIAVAKMV,train,1
>trAMP0060,KWWKWWKKWWKK,train,1
>trAMP0061,FVRWFSRFLGRIL,train,1
>trAMP0062,LLWKALRLWWKVL,train,1
>trAMP0063,IWSAIWSGIKGLL,train,1
>trAMP0064,QKKIRVRLSA,train,1
>trAMP0065,KWKLFKKIGIGAVLKVLTTG,train,1
>trAMP0066,FVQWFSKFLGRIL,train,1
>trAMP0067,GLNALKKVFQGIHEAIKKINNHVQ,train,1
>trAMP0068,KKWRWWLKALAKKLL,train,1
>trAMP0069,HLRRINKLLTRIGLYRHAFG,train,1
>trAMP0070,KFWSLLKKALRLWANVL,train,1
>trAMP0071,FLPLIGRVLSGIL,train,1
>trAMP0072,CYCRIPACIAGERRYGTCIYQGRLWAFCC,train,1
>trAMP0073,ALASLLKTLSKAAKKALKTLLKALSA,train,1
>trAMP0074,KRWWKWWRR,train,1
>trAMP0075,VWLSALKFIGKHLAKHQLSKL,train,1
>trAMP0076,FVPWFSKFLGRIL,train,1
>trAMP0077,LFWKLLLKALRLWAKVL,train,1
>trAMP0078,GIFPIFAKLLGKVIKVASSLISKGRTE,train,1
>trAMP0079,IKLSPKTKDNLKKVLKGAIKGAIAVAKMV,train,1
>trAMP0080,FVQWFSRFLGRIL,train,1
>trAMP0081,GLLKPLLKIAAKVGSNLL,train,1
>trAMP0082,INLKAIAALAKKLF,train,1
>trAMP0083,GLKEIFKAGLGSLVKGIAAHVAS,train,1
>trAMP0084,LKLSPKTKDTLKKVLKGAIKGAIAIASMA,train,1
>trAMP0085,ISLNPPRSTIAMRAINNYRWRSKNQNTFLR,train,1
>trAMP0086,ALWKKLLKKLLKSAKKLG,train,1
>trAMP0087,KFHEKHHSHRGY,train,1
>trAMP0088,GRRYKKFRWKFKGRWFWFG,train,1
>trAMP0089,VDKPPYLPRPRPPRRIYNR,train,1
>trAMP0090,KWKSFLKTFKSAVKTVLHTALKAISS,train,1
>trAMP0091,GMASKAGSVLGKVAKVALKAAL,train,1
>trAMP0092,GLASTIGSLLGKFAKGGAQAFLQPK,train,1
>trAMP0093,RVRRFWPLVPVAINTVAAGINLYKAIRRK,train,1
>trAMP0094,TIAMRAINNYRWRSKNQNTFLR,train,1
>trAMP0095,ALWMTLKKKVLKAAAKALNAVLVGANA,train,1
>trAMP0096,GLFDIWAWWRWRR,train,1
>trAMP0097,LRWTPTPSYPRYPTRSRGSRWSR,train,1
>trAMP0098,RIKRFWPVVIRTVVAGYNLYRAIKKK,train,1
>trAMP0099,FLSLIPHIVSGVASIAKHF,train,1
>trAMP0100,IKIPSFFRNILKKVGKEAVSLIAGALKQS,train,1
>trAMP0101,FLKGIKGMLGKLL,train,1
>trAMP0102,LIRGLFKSFWQVF,train,1
>trAMP0103,SIKILKIYFIQGKRHWSF,train,1
>trAMP0104,KWKSFIKKLTSKFLHSAKKF,train,1
>trAMP0105,IKLSPETKDNLKKVLKGAIKGAIAVAKMV,train,1
>trAMP0106,KWCFRVCYRGICYRRCR,train,1
>trAMP0107,WLRRIKAWLRR,train,1
>trAMP0108,ILGKLLKTAAKLLSNL,train,1
>trAMP0109,VQWRIRVAVIRK,train,1
>trAMP0110,GIWKTIKSMGKVFAGAILQNL,train,1
>trAMP0111,FALGAVTKRLPSLFCLITRKC,train,1
>trAMP0112,GLKKIFKAGLGSLVKGIKAHVAS,train,1
>trAMP0113,RRRRRYRYWRRGLTIQGRPKSLPLNTGD,train,1
>trAMP0114,AGYLLGKINLKALAALAKKIL,train,1
>trAMP0115,GILKTIKSIASKVANTVQKLKRKAKNAVA,train,1
>trAMP0116,GLFDIWKWWRWRR,train,1
>trAMP0117,KWKLFKKIGIGKFLHSAKKF,train,1
>trAMP0118,ALASLLKTLSKAKKKKLKTLLKALSA,train,1
>trAMP0119,LKAAAAAAKLAAKAAKAALKAAAAAAKL,train,1
>trAMP0120,AAYLLAKINLKALAALAKKIL,train,1
>trAMP0121,KWKSFLKTFSKAKKKALKTLLKAISK,train,1
>trAMP0122,GIWKTIKSMGKVFAGKILQNL,train,1
>trAMP0123,IKLSPETKKNLKKVLKGAIKGAIAVAKMV,train,1
>trAMP0124,GFWSSALEGLKKFAKGGLEALTNPK,train,1
>trAMP0125,FVRWFSKFLGRIL,train,1
>trAMP0126,WFKKLLKKALRLWKKVL,train,1
>trAMP0127,GLGSVLGKALKIGANLL,train,1
>trAMP0128,RWKIFKKIPKFLHSAKKF,train,1
>trAMP0129,FLSLIPHIVSGVASLAKHF,train,1
>trAMP0130,GIWKTIKSMGKVFAGAIKQNL,train,1
>trAMP0131,GLKKIFKKGLGSLVKGIAAHVAS,train,1
>trAMP0132,KRRGSVTTRYQFLMIHLLRPKKLFA,train,1
>trAMP0133,GLGSLLGKAFKIGLKTVGKMMGGAPREQ,train,1
>trAMP0134,WLRRIKAWLRRIKA,train,1
>trAMP0135,ALKSLLKTLSAAKKKKLATLLKALSK,train,1
>trAMP0136,FKHHIFRGIVHVGKTIHRLVTG,train,1
>trAMP0137,GLFDIWKKLRWRR,train,1
>trAMP0138,KWKSFLKTFSKAKKKKLKTLLKAISK,train,1
>trAMP0139,GMATKAGTALGKVAKAVIGAAL,train,1
>trAMP0140,KCRRLCYRQRCVTYCRGR,train,1
>trAMP0141,FFHHIARGIVHVGKTIHRLVTG,train,1
>trAMP0142,KCRRYCYRQRCVTYCRGR,train,1
>trAMP0143,ALKSLLKTLSAAAKKALATLLKALSK,train,1
>trAMP0144,LLQWLSKLLGRWL,train,1
>trAMP0145,GWFKKAWRKVKNAGRRVLKGVGIHYGVGLI,train,1
>trAMP0146,RRWVRRVRRWVRRVVRVVRRWVRR,train,1
>trAMP0147,KIAKVALKALKIAKVALKAL,train,1
>trAMP0148,IKLSKKTKDNLKKVLKGAIKGAIAVAKMV,train,1
>trAMP0149,SKVWRHWRRFWHRAHRLH,train,1
>trAMP0150,GFWGKLWEGVKNAI,train,1
>trAMP0151,AQWFAIQHISLNPPRSTIAMRAINNYRWR,train,1
>trAMP0152,FLPAALAGIGGILGKLF,train,1
>trAMP0153,LKLKAIAALAKKKW,train,1
>trAMP0154,IKLSKETKDNLKKVLKGAIKGAIAVAKMV,train,1
>trAMP0155,GKKYRRFWKFKGKWFWFWG,train,1
>trAMP0156,FVQWFSKFLGKIL,train,1
>trAMP0157,FFHHIFRGKVHVGKTIHRLVTG,train,1
>trAMP0158,GIWKTIKSMGKVFAGKIKQNL,train,1
>trAMP0159,FLPWFSKFLGRIL,train,1
>trAMP0160,FFHHIFRGIKHVGKTIHRLVTG,train,1
>trAMP0161,AGYLLGKINLKPLAALAKKIL,train,1
>trAMP0162,LLQWLSKLLGRLL,train,1
>trAMP0163,FVPWFSKFLKRIL,train,1
>trAMP0164,KRWWKWIRW,train,1
>trAMP0165,KFWKLLKKALRLWKKVL,train,1
>trAMP0166,TMSLRFWRWKVR,train,1
>trAMP0167,FFPVIGRILNGIL,train,1
>trAMP0168,ILSAIWSGIKSLF,train,1
>trAMP0169,IKLSPKTKKNLKKVLKGAIKGAIAVAKMV,train,1
>trAMP0170,NRFTARFRRTPWRLCLQFRQ,train,1
>trAMP0171,ALKSLLATLSKAKKKKLKTLLAALSK,train,1
>trAMP0172,GFCWYVCVYRNGVRVCYRRCN,train,1
>trAMP0173,KFHHIFRGIKHVGKTIHRLVTG,train,1
>trAMP0174,AFHHIFRGIVHVGKTIHRLVTG,train,1
>trAMP0175,GCRALCYKQRCVTYCRGA,train,1
>trAMP0176,FFGRLKSVWSAVKHGWKAAKSR,train,1
>trAMP0177,GFGSLLGKALRLGANVL,train,1
>trAMP0178,GFLGSLLKTGLKVGSNLL,train,1
>trAMP0179,ALKSLLATLSKAAKKALKTLLAALSK,train,1
>trAMP0180,WFWKLLWKALRLWWKVL,train,1
>trAMP0181,KKWRKLLKWLAKK,train,1
>trAMP0182,GLFKKLRRKIKKGFKKIFKRL,train,1
>trAMP0183,GLNALKKVFQPIHEAIKKINNHVQ,train,1
>trAMP0184,GILKTIKSIASKLKRKAK,train,1
>teAMP0185,FVPWFSKFLPRIL,valid,1
>teAMP0186,KKWRWWLKALAKK,valid,1
>teAMP0187,KWKSFIKKLTKKFLHSAKKF,valid,1
>teAMP0188,KWKLFKKIPKFLHLAKKF,valid,1
>teAMP0189,KKRLKKIFKKPMVIGVTIPF,valid,1
>teAMP0190,KLKSLLKTLSKAKKKLLKTALKALSK,valid,1
>teAMP0191,GRKKRRQRRRGGWMWVTNLRTD,valid,1
>teAMP0192,FAHHIFRGIVHVGKTIHRLVTG,valid,1
>teAMP0193,LRKLRKRLVRLASHLRKLRKRLL,valid,1
>teAMP0194,FFHHIFRGIVHKGKTIHRLVTG,valid,1
>teAMP0195,KIAKVALKALKIAKGALKAL,valid,1
>teAMP0196,GILNTIKSIASKLKRKAK,valid,1
>teAMP0197,KFHHIFRGIVHVGKTIHRLVTG,valid,1
>teAMP0198,KLKLLKLLKLLKLLK,valid,1
>teAMP0199,SKVWRHWRRFWHRAHRKK,valid,1
>teAMP0200,GKKYRRFRWKFRKGRFWFWG,valid,1
>teAMP0201,KGGGKWGGKGGK,valid,1
>teAMP0202,KKLLKKLKKLLK,valid,1
>teAMP0203,GIWDTIKSMGKVFAGAILQNL,valid,1
>teAMP0204,KKWRKLLKKLKKLL,valid,1
>teAMP0205,FLKGIVGKLGKLF,valid,1
>trNEGATIVE0001,RRRWFW,train,0
>trNEGATIVE0002,ATCDLLSGFGVGDSACAAHCIARRNRGGYCNAKKVCVCRN,train,0
>trNEGATIVE0003,FIKHFIHRFSATRWRRLLKKLHHLLH,train,0
>trNEGATIVE0004,RRRYIGRYVRFWK,train,0
>trNEGATIVE0005,RPKHPIKHQGLPQEVLNENLLRFFVAPFPEVFGK,train,0
>trNEGATIVE0006,ALKYRLFKKLKKF,train,0
>trNEGATIVE0007,NPLIPAIYIGATVGPSVWAYLVALVGAAAVTAANIRRASSDNHSCAGNRGWCRSKCFRHEYVDTYYSAVCGRYFCCRSR,train,0
>trNEGATIVE0008,ILGKLLSTAAGLLSNL,train,0
>trNEGATIVE0009,FRRWWKWFK,train,0
>trNEGATIVE0010,KKKLKFKLLQ,train,0
>trNEGATIVE0011,DHYNCVSSGGQCLYSACPIFTKIQGTCYRGKAKCCK,train,0
>trNEGATIVE0012,LKKLKFKKLQ,train,0
>trNEGATIVE0013,AAGWGLRRLLKYGKRS,train,0
>trNEGATIVE0014,AAPRGGKGFFCKLFKDC,train,0
>trNEGATIVE0015,LKWLKWG,train,0
>trNEGATIVE0016,KRKIKRK,train,0
>trNEGATIVE0017,GSKKPVPIIYCQRRTGKCQRM,train,0
>trNEGATIVE0018,RSITRPVLVRRRWRVRPVF,train,0
>trNEGATIVE0019,SDEKASPDKHHRFSLSRYAKLANRLANPKLLETFLSKWIGDRGNRSVK,train,0
>trNEGATIVE0020,GLFSKLNKKKIKSGLIKIIKTAGKEAGLEALRTGIDVIGCKIKGEC,train,0
>trNEGATIVE0021,RFRRLRIKTRIRLKKI,train,0
>trNEGATIVE0022,LLLLLKKKKKKLLLL,train,0
>trNEGATIVE0023,GLFDKWAWWRWRR,train,0
>trNEGATIVE0024,FKVVISKPGLSVRVGTALVT,train,0
>trNEGATIVE0025,AVLSWLPKEEQIGKWSTRGRKWWRRKK,train,0
>trNEGATIVE0026,RWRWRW,train,0
>trNEGATIVE0027,RLNRPVYIPQPRPPHPRL,train,0
>trNEGATIVE0028,LIGSLVRGILPLF,train,0
>trNEGATIVE0029,MWKWFHNVLSWWWLLADKRPARDYNRK,train,0
>trNEGATIVE0030,VLHTGYRKFLHRSKRFFHLR,train,0
>trNEGATIVE0031,MTPFWRGVSLRPIGASCRDDSECITRLCRKRRCSLSVAQE,train,0
>trNEGATIVE0032,LKFLKFG,train,0
>trNEGATIVE0033,ILGAILPLVSGLLSNKL,train,0
>trNEGATIVE0034,GRFKRFRKKFKKLFKKLSPVIPLLHLG,train,0
>trNEGATIVE0035,RRWQWRLCYCRRRFCVCVG,train,0
>trNEGATIVE0036,RSGRGECRRQCLRRHEGQPWETQECMRRCRRRG,train,0
>trNEGATIVE0037,KWKIFKKIEKVGRNIRNGIIKAGPAVAVLGEAKAL,train,0
>trNEGATIVE0038,CVHGGTNTARTACIAG,train,0
>trNEGATIVE0039,RWLLKLGHHGRAPP,train,0
>trNEGATIVE0040,KWKSFIKKLTSAAKKVTTAAKPLTK,train,0
>trNEGATIVE0041,CVHGMTNTARTACIAP,train,0
>trNEGATIVE0042,ENFFKRIRRAGKRIRDAIISAAPAVETLAQAQKIIKGGD,train,0
>trNEGATIVE0043,KRFKKFFKKLKKFVKKGFKKFAKV,train,0
>trNEGATIVE0044,RKSKEKIGKEFKRIVQRIKDF,train,0
>trNEGATIVE0045,GLLDTFKNLAINAAESAGVSVLNSLSCKLSKTC,train,0
>trNEGATIVE0046,KKLFKKGLKFL,train,0
>trNEGATIVE0047,HKVVFKVKFH,train,0
>trNEGATIVE0048,KRRLALFRLFRLALKLVLKK,train,0
>trNEGATIVE0049,IIGHLIKTALGFLGL,train,0
>trNEGATIVE0050,FLGVVFKLVSKVFPAVFGKV,train,0
>trNEGATIVE0051,KPAEDLARYYSALRHYINLITRQRY,train,0
>trNEGATIVE0052,RIRFPWPWRWPWWPPFRG,train,0
>trNEGATIVE0053,GLVGTLLGHIGKAILS,train,0
>trNEGATIVE0054,LKKKLFLKKQ,train,0
>trNEGATIVE0055,GIGKFLHSAKKPGKAFVGEIMNS,train,0
>trNEGATIVE0056,KFASKGLGKDLAKLGVDLVACKISKQC,train,0
>trNEGATIVE0057,AQQHHGYKQQFH,train,0
>trNEGATIVE0058,FLGALWNVAKSVF,train,0
>trNEGATIVE0059,IKIPAFVKDTLKKVAKGVISAVAGALTQ,train,0
>trNEGATIVE0060,FHFHLHFPSGSPFIKHFIHRF,train,0
>trNEGATIVE0061,RWRWNRRTGRWRWY,train,0
>trNEGATIVE0062,RGRKVVRRKK,train,0
>trNEGATIVE0063,KWKSFAKTFKSAKKTVAHTALKAISS,train,0
>trNEGATIVE0064,GIGALSAKGALKGLAKGLAEHFAN,train,0
>trNEGATIVE0065,GLLSGILGAGKKIVCGLSGLC,train,0
>trNEGATIVE0066,GLLLDTVKGAAKNVAGILLNKLKCKMTGDC,train,0
>trNEGATIVE0067,KWKLFKKIFKCWRWQWRWKKLGA,train,0
>trNEGATIVE0068,IGCWTKSIPPRPCFVK,train,0
>trNEGATIVE0069,FIKHFIHRFSGGRWRRLLKKLHHLLH,train,0
>trNEGATIVE0070,APKGVQGPNG,train,0
>trNEGATIVE0071,ILPIKIPIIPIRR,train,0
>trNEGATIVE0072,ILGKLLKTAAGLLSNL,train,0
>trNEGATIVE0073,GCKKYRRFRWKFKGKFWFW,train,0
>trNEGATIVE0074,RRRRRWFWFW,train,0
>trNEGATIVE0075,GKIPVKAIKQAGKVIGKGLRAINIAGTTHDVVSFFRPKKKKH,train,0
>trNEGATIVE0076,INWKKIASIGKEVLKAL,train,0
>trNEGATIVE0077,RLPRPVYIPQPRPPHPRL,train,0
>trNEGATIVE0078,LKKISQRYQKFALPQYLKTVYQHQKAMKPWIQPKTKVIPYVRYL,train,0
>trNEGATIVE0079,GNGVLKTISHECNMNTWQFLFTCC,train,0
>trNEGATIVE0080,APRKNLKW,train,0
>trNEGATIVE0081,LYAKIIKKLLES,train,0
>trNEGATIVE0082,TWLKKRRWKKAKPP,train,0
>trNEGATIVE0083,AIGSILGRLAKGLPTLISWIKNR,train,0
>trNEGATIVE0084,LRFIKKILKKLI,train,0
>trNEGATIVE0085,KKLFKKILKYLTTGLPALISAGPASILAPLGTTLYKLIKKFLKKKDEL,train,0
>trNEGATIVE0086,GLGKDLAKLGVDLVACKISKQC,train,0
>trNEGATIVE0087,GLGSFFKNAIKIAGKVGSTIGKVADAIGNKE,train,0
>trNEGATIVE0088,KLKLKLKQ,train,0
>trNEGATIVE0089,FKLFKKILKFL,train,0
>trNEGATIVE0090,WKKIWSKIKKLLK,train,0
>trNEGATIVE0091,WR,train,0
>trNEGATIVE0092,FLPIIAKLLGGLL,train,0
>trNEGATIVE0093,GLRDKIKNVAIDVAKGAGTGVLKALLCQLDKSC,train,0
>trNEGATIVE0094,AVAGEKLWLLPHLLKMLLTPTP,train,0
>trNEGATIVE0095,GLVGTLLGHIGKAILG,train,0
>trNEGATIVE0096,KVFLGLK,train,0
>trNEGATIVE0097,KKKKLFLKLQ,train,0
>trNEGATIVE0098,GWRTLLKKAEVKTVGKLALKHYL,train,0
>trNEGATIVE0099,RLYRRLYRRLYRRLYR,train,0
>trNEGATIVE0100,MPKWKVFKKIEKVGRNIRNGIVKAGPAIAVLGEAKALG,train,0
>trNEGATIVE0101,WW,train,0
>trNEGATIVE0102,RQRWLWLW,train,0
>trNEGATIVE0103,QLGELIQQGGQKIVEKIQKIGQRIRDFFSNLRPRQEA,train,0
>trNEGATIVE0104,WGRRWRIRIPRLPRPWPPRPKWPRSATINTDQ,train,0
>trNEGATIVE0105,FLPIIGKLLSGIL,train,0
>trNEGATIVE0106,KWKLFKKLPKFHLHLAKKF,train,0
>trNEGATIVE0107,GVVDILKGAAKDIAGHLASKVMNKA,train,0
>trNEGATIVE0108,RWRWRWK,train,0
>trNEGATIVE0109,RGLRRLGRKIAHGVKKY,train,0
>trNEGATIVE0110,FRFKRFRKKGKKLFKKVSPPILLLHL,train,0
>trNEGATIVE0111,KGIVGMLGKLF,train,0
>trNEGATIVE0112,AMDPTKYYGNGVYCNSKKCWVDWGSASGCIGQTVVGGWLGGAIPGKC,train,0
>trNEGATIVE0113,ILGKILKGIKKLF,train,0
>trNEGATIVE0114,DDALKHLLKHLLKHL,train,0
>trNEGATIVE0115,GIHDILAYGKPS,train,0
>trNEGATIVE0116,KARRWVRAI,train,0
>trNEGATIVE0117,VTCDILSVEAKGVKL,train,0
>trNEGATIVE0118,GCKKYRRFRWKFKGKFWFWGG,train,0
>trNEGATIVE0119,VTCDLLSFKGQVNDSACAANCLSLGKAGGHCEKGVCICRK,train,0
>trNEGATIVE0120,AGYLLPKINLKPLAKLPKKIL,train,0
>trNEGATIVE0121,WRKKWFW,train,0
>trNEGATIVE0122,KPYLKRFQVYYKGRMWC,train,0
>trNEGATIVE0123,FLGPIIKMATGILPTAICKGLKKC,train,0
>trNEGATIVE0124,KKKLLFKKLQ,train,0
>trNEGATIVE0125,KKKLLFLKKQ,train,0
>trNEGATIVE0126,FLFSLIPSAISGLISAF,train,0
>trNEGATIVE0127,KKLFKKILKYLAVAVVGQATQIAKKDEL,train,0
>trNEGATIVE0128,RRIRPRPPRLPRPRPRP,train,0
>trNEGATIVE0129,STALPVNSPMNKGDTEVMKCIVEVISDTLSKPSPMPVSQECFETLRGDERILSILRHQNLLKELQDLALQGAKERAHQQKK,train,0
>trNEGATIVE0130,GLASFLGKALKAGLKIGSHLLGGAPQQ,train,0
>trNEGATIVE0131,GIGGVLLGAGKATLKGLAKVLAEKYAN,train,0
>trNEGATIVE0132,KLWKKWKKWKK,train,0
>trNEGATIVE0133,FFPLVLGALGSILPKIF,train,0
>trNEGATIVE0134,FLAKAVAKAAAKALAKAL,train,0
>trNEGATIVE0135,GIGKFLHSAGKFGKAFVGEIMKS,train,0
>trNEGATIVE0136,RGVAKFASKGLGKDLAKLGVDLVACKISKQC,train,0
>trNEGATIVE0137,WHWTWL,train,0
>trNEGATIVE0138,TPGGIDFISGGPHVAQDVLNAIKNFFK,train,0
>trNEGATIVE0139,KKIGAIKKWGAIKKIGAI,train,0
>trNEGATIVE0140,VPYPQRDMPIQAFL,train,0
>trNEGATIVE0141,KKKLKKLKKKLK,train,0
>trNEGATIVE0142,KKLFKKILKYLKFLHSAK,train,0
>trNEGATIVE0143,GFSSIFRGVAKFASKGLGKDLAKLGVDLVA,train,0
>trNEGATIVE0144,LLGMIPVAIKAISALSKL,train,0
>trNEGATIVE0145,KKPWWKPWWPKWKK,train,0
>trNEGATIVE0146,AFKMALKLLKKVL,train,0
>trNEGATIVE0147,GLLSVLGSVAKHVLPHVVPVIAEHL,train,0
>trNEGATIVE0148,FFSTSCRSGC,train,0
>trNEGATIVE0149,LRKFRNKIKEKLKKIGQKI,train,0
>trNEGATIVE0150,SVMGTVKDLLIGAGKSAAQSVLKALSCKLSKDC,train,0
>trNEGATIVE0151,GTAWRWHYRARS,train,0
>trNEGATIVE0152,KD,train,0
>trNEGATIVE0153,EWESFLETFESAKETVLHTALEAISS,train,0
>trNEGATIVE0154,RREAEPEAEPGNNRPVYIPQPRPPHPRL,train,0
>trNEGATIVE0155,FLPIIASLLGKLL,train,0
>trNEGATIVE0156,RVVRPVVQVVKQKVR,train,0
>trNEGATIVE0157,KRGFGKKLRKRLKKFRNSIKKRLKNFNVVIPIPLPG,train,0
>trNEGATIVE0158,GRLKKLGKKIEGAGKRVFKAAEKALPVVAGVKALG,train,0
>trNEGATIVE0159,ILPWKWPWWPWRR,train,0
>trNEGATIVE0160,KKKLLLLLLLLLKKK,train,0
>trNEGATIVE0161,DDALRHLLRHLLRHL,train,0
>trNEGATIVE0162,IKWKKLLRAAKRIL,train,0
>trNEGATIVE0163,GSKRWRKFEKKVKKALEDAKEKLQEERVQKIVEHTKEALPVIKAVATVVGVVGRR,train,0
>trNEGATIVE0164,IPRPIDTCRLRNGICFPGICRRPYYWIGTCNNGIGSCCARGWRS,train,0
>trNEGATIVE0165,LLKKLLKWLKK,train,0
>trNEGATIVE0166,KRKILILILIKRK,train,0
>trNEGATIVE0167,LLKKALRLWKKVL,train,0
>trNEGATIVE0168,RMKKLGNHKVSCERNTKRCRKAI,train,0
>trNEGATIVE0169,VLHTGYRKFLHRSKRFFHLR,train,0
>trNEGATIVE0170,KQWRIRVCVIRA,train,0
>trNEGATIVE0171,GCRRWKKFRWRYRGKFWFWCG,train,0
>trNEGATIVE0172,GILDTFKNMALNAAKSAGVSVLNALSCKLSKTC,train,0
>trNEGATIVE0173,FFTPVLQADFQKVVAGVANALAHRYH,train,0
>trNEGATIVE0174,DDALHHLLHHLLHHL,train,0
>trNEGATIVE0175,KWWVFRVVYPRIVYRRVRWK,train,0
>trNEGATIVE0176,KK,train,0
>trNEGATIVE0177,GLLSTFKNLATNVAGTVIDTLKCKVTGGCRT,train,0
>trNEGATIVE0178,GVLGAVKDLLIGAGKSAAQSVLKTLSCKLSNDC,train,0
>trNEGATIVE0179,GCRRFKKFKKWRYRGRFWFWCFG,train,0
>trNEGATIVE0180,KTCENLADDY,train,0
>trNEGATIVE0181,ACYCRIPACIAGERRYGTCIYQGRLWAFCC,train,0
>trNEGATIVE0182,YSLQM,train,0
>trNEGATIVE0183,GFSSIFRGVAKFASKGLGKDLARLGVNLVACKISKQC,train,0
>trNEGATIVE0184,GLPALISWIKRKRGG,train,0
>teNEGATIVE0185,KLKHVGLHVGKLK,valid,0
>teNEGATIVE0186,LTCDILGSTPACAAHCIARGYRGGWCDGQSVCNCRR,valid,0
>teNEGATIVE0187,WIQPKTKVIAYVRYL,valid,0
>teNEGATIVE0188,WWWRRRRRRRR,valid,0
>teNEGATIVE0189,DSHEERHHGRHGHHKYGRKFHEKHHSHRGYRSNYLYDN,valid,0
>teNEGATIVE0190,KRRRRRR,valid,0
>teNEGATIVE0191,CKLLKTFLSKWIC,valid,0
>teNEGATIVE0192,KFVRLKIYCRDKNKGRGISF,valid,0
>teNEGATIVE0193,FLSLIPKLVKKIIKAFK,valid,0
>teNEGATIVE0194,KLAKLAKKLAKLAK,valid,0
>teNEGATIVE0195,ILGKILEGIKSLF,valid,0
>teNEGATIVE0196,LLSLALAALPKLFCLIFKKC,valid,0
>teNEGATIVE0197,GIGGKILGGLRTALKGAAKELAATYLH,valid,0
>teNEGATIVE0198,AAHCIVLHHN,valid,0
>teNEGATIVE0199,RRLMAAKAESRK,valid,0
>teNEGATIVE0200,FLPGLIKAAVGIGSTIFCKISKKC,valid,0
>teNEGATIVE0201,ALWTTMLKKLGKMALHAGKAALGAAADTI,valid,0
>teNEGATIVE0202,ECKFTVKPYLKRFQVYYKGRMWCP,valid,0
>teNEGATIVE0203,RECKAQGRHGTCFRDANCVQVCEKQAGWSHGDCRAQFKCKCIFEC,valid,0
>teNEGATIVE0204,FLGGILNTITGLL,valid,0
>teNEGATIVE0205,RWCVYAYVRVRGVLVRYRRCG,valid,0
